-- INSERT TABLES SQL
-- Kovács Bálit-Hunor
-- Informatika II. D

-- TOTAL TABLES: 27

-- 1. Publisher
INSERT INTO PUBLISHERS (PUBLISHER_ID,PUBLISHER_NAME , PUBLISHER_FORMATIONDATE) VALUES (DEFAULT, 'Sony Music Publishing', TO_DATE('1995-01-01 00:00:00','yyyy-mm-dd hh24:mi:ss'));
INSERT INTO PUBLISHERS (PUBLISHER_ID,PUBLISHER_NAME , PUBLISHER_FORMATIONDATE) VALUES (DEFAULT, 'Universal Music Publishing Group', TO_DATE('1934-09-01 00:00:00','yyyy-mm-dd hh24:mi:ss'));
INSERT INTO PUBLISHERS (PUBLISHER_ID,PUBLISHER_NAME , PUBLISHER_FORMATIONDATE) VALUES (DEFAULT, 'Warner Chappell Music', TO_DATE('1987-01-01 00:00:00','yyyy-mm-dd hh24:mi:ss'));
INSERT INTO PUBLISHERS (PUBLISHER_ID,PUBLISHER_NAME , PUBLISHER_FORMATIONDATE) VALUES (DEFAULT, 'Kobalt', TO_DATE('2000-01-01 00:00:00','yyyy-mm-dd hh24:mi:ss'));
INSERT INTO PUBLISHERS (PUBLISHER_ID,PUBLISHER_NAME , PUBLISHER_FORMATIONDATE) VALUES (DEFAULT, 'Strengholt Music Group', TO_DATE('1900-01-01 00:00:00','yyyy-mm-dd hh24:mi:ss'));
INSERT INTO PUBLISHERS (PUBLISHER_ID,PUBLISHER_NAME , PUBLISHER_FORMATIONDATE) VALUES (DEFAULT, 'Pen Music Group', TO_DATE('1994-01-01 00:00:00','yyyy-mm-dd hh24:mi:ss'));
INSERT INTO PUBLISHERS (PUBLISHER_ID,PUBLISHER_NAME , PUBLISHER_FORMATIONDATE) VALUES (DEFAULT, 'Bailer Music Publishing', TO_DATE('1963-01-01 00:00:00','yyyy-mm-dd hh24:mi:ss'));
INSERT INTO PUBLISHERS (PUBLISHER_ID,PUBLISHER_NAME , PUBLISHER_FORMATIONDATE) VALUES (DEFAULT, 'Wixen Music', TO_DATE('1978-01-01 00:00:00','yyyy-mm-dd hh24:mi:ss'));
INSERT INTO PUBLISHERS (PUBLISHER_ID,PUBLISHER_NAME , PUBLISHER_FORMATIONDATE) VALUES (DEFAULT, 'Ditto Music Publishing', TO_DATE('2005-01-01 00:00:00','yyyy-mm-dd hh24:mi:ss'));
INSERT INTO PUBLISHERS (PUBLISHER_ID,PUBLISHER_NAME , PUBLISHER_FORMATIONDATE) VALUES (DEFAULT, 'Music Gateway', TO_DATE('2011-01-01 00:00:00','yyyy-mm-dd hh24:mi:ss'));
INSERT INTO PUBLISHERS (PUBLISHER_ID,PUBLISHER_NAME , PUBLISHER_FORMATIONDATE) VALUES (DEFAULT, 'Atlantic Records', TO_DATE('1947-10-01 00:00:00','yyyy-mm-dd hh24:mi:ss'));
INSERT INTO PUBLISHERS (PUBLISHER_ID,PUBLISHER_NAME , PUBLISHER_FORMATIONDATE) VALUES (DEFAULT, 'Apple Records', TO_DATE('1947-01-01 00:00:00','yyyy-mm-dd hh24:mi:ss'));
INSERT INTO PUBLISHERS (PUBLISHER_ID,PUBLISHER_NAME , PUBLISHER_FORMATIONDATE) VALUES (DEFAULT, 'Columbia Records', TO_DATE('1887-01-01 00:00:00','yyyy-mm-dd hh24:mi:ss'));

COMMIT;

SELECT * FROM PUBLISHERS;

-- 2. Producers
INSERT INTO PRODUCERS (PRODUCER_ID, PRODUCER_NAME) VALUES (DEFAULT, 'George Martin'); 
INSERT INTO PRODUCERS (PRODUCER_ID, PRODUCER_NAME) VALUES (DEFAULT, 'Keigo Oyamada'); 
INSERT INTO PRODUCERS (PRODUCER_ID, PRODUCER_NAME) VALUES (DEFAULT, 'Dr. Dre'); 
INSERT INTO PRODUCERS (PRODUCER_ID, PRODUCER_NAME) VALUES (DEFAULT, 'Steve Albini'); 
INSERT INTO PRODUCERS (PRODUCER_ID, PRODUCER_NAME) VALUES (DEFAULT, 'Jimmy Page'); 
INSERT INTO PRODUCERS (PRODUCER_ID, PRODUCER_NAME) VALUES (DEFAULT, 'Quincy Jones'); 
INSERT INTO PRODUCERS (PRODUCER_ID, PRODUCER_NAME) VALUES (DEFAULT, 'Kanye West'); 
INSERT INTO PRODUCERS (PRODUCER_ID, PRODUCER_NAME) VALUES (DEFAULT, 'Aphex Twin'); 
INSERT INTO PRODUCERS (PRODUCER_ID, PRODUCER_NAME) VALUES (DEFAULT, 'Daft Punk'); 
INSERT INTO PRODUCERS (PRODUCER_ID, PRODUCER_NAME) VALUES (DEFAULT, 'Charlie Puth'); 
COMMIT;

SELECT * FROM PRODUCERS;

-- 3. ProducersPublishing
INSERT INTO PRODUCERSPUBLISHING(PRODPUB_ID,PRODUCER_ID,PUBLISHER_ID) VALUES (DEFAULT, 7, 2);
INSERT INTO PRODUCERSPUBLISHING(PRODPUB_ID,PRODUCER_ID,PUBLISHER_ID) VALUES (DEFAULT, 7, 1); 
INSERT INTO PRODUCERSPUBLISHING(PRODPUB_ID,PRODUCER_ID,PUBLISHER_ID) VALUES (DEFAULT, 10, 3); 
INSERT INTO PRODUCERSPUBLISHING(PRODPUB_ID,PRODUCER_ID,PUBLISHER_ID) VALUES (DEFAULT, 2, 3); 
INSERT INTO PRODUCERSPUBLISHING(PRODPUB_ID,PRODUCER_ID,PUBLISHER_ID) VALUES (DEFAULT, 6, 3); 
INSERT INTO PRODUCERSPUBLISHING(PRODPUB_ID,PRODUCER_ID,PUBLISHER_ID) VALUES (DEFAULT, 9, 3); 
INSERT INTO PRODUCERSPUBLISHING(PRODPUB_ID,PRODUCER_ID,PUBLISHER_ID) VALUES (DEFAULT, 5, 11); 
INSERT INTO PRODUCERSPUBLISHING(PRODPUB_ID,PRODUCER_ID,PUBLISHER_ID) VALUES (DEFAULT, 10, 11); 
INSERT INTO PRODUCERSPUBLISHING(PRODPUB_ID,PRODUCER_ID,PUBLISHER_ID) VALUES (DEFAULT, 9, 13); 
INSERT INTO PRODUCERSPUBLISHING(PRODPUB_ID,PRODUCER_ID,PUBLISHER_ID) VALUES (DEFAULT, 1, 12); 
COMMIT;

SELECT * FROM PRODUCERSPUBLISHING;

-- 4. Artists
INSERT INTO ARTISTS (ARTIST_ID, ARTIST_NAME) VALUES (DEFAULT, 'DJ Khaled');
INSERT INTO ARTISTS (ARTIST_ID, ARTIST_NAME) VALUES (DEFAULT, 'Alan Walker');
INSERT INTO ARTISTS (ARTIST_ID, ARTIST_NAME) VALUES (DEFAULT, 'Harry Styles');
INSERT INTO ARTISTS (ARTIST_ID, ARTIST_NAME) VALUES (DEFAULT, 'Shakira');
INSERT INTO ARTISTS (ARTIST_ID, ARTIST_NAME) VALUES (DEFAULT, 'The Chainsmokers');
INSERT INTO ARTISTS (ARTIST_ID, ARTIST_NAME) VALUES (DEFAULT, 'Taylor Swift');
INSERT INTO ARTISTS (ARTIST_ID, ARTIST_NAME) VALUES (DEFAULT, 'Sting');
INSERT INTO ARTISTS (ARTIST_ID, ARTIST_NAME) VALUES (DEFAULT, 'Billie Eilish');
INSERT INTO ARTISTS (ARTIST_ID, ARTIST_NAME) VALUES (DEFAULT, 'Drake');
INSERT INTO ARTISTS (ARTIST_ID, ARTIST_NAME) VALUES (DEFAULT, 'Ariana Grande');
INSERT INTO ARTISTS (ARTIST_ID, ARTIST_NAME) VALUES (DEFAULT, 'Muse');
INSERT INTO ARTISTS (ARTIST_ID, ARTIST_NAME) VALUES (DEFAULT, 'Rage Against the Machine');
INSERT INTO ARTISTS (ARTIST_ID, ARTIST_NAME) VALUES (DEFAULT, 'Evanescence');
INSERT INTO ARTISTS (ARTIST_ID, ARTIST_NAME) VALUES (DEFAULT, 'Scorpions');
INSERT INTO ARTISTS (ARTIST_ID, ARTIST_NAME) VALUES (DEFAULT, 'Three Days Grace');
INSERT INTO ARTISTS (ARTIST_ID, ARTIST_NAME) VALUES (DEFAULT, 'Slipknot');
INSERT INTO ARTISTS (ARTIST_ID, ARTIST_NAME) VALUES (DEFAULT, 'The Offspring');
INSERT INTO ARTISTS (ARTIST_ID, ARTIST_NAME) VALUES (DEFAULT, 'Korn');
INSERT INTO ARTISTS (ARTIST_ID, ARTIST_NAME) VALUES (DEFAULT, 'Limp Bizkit');
INSERT INTO ARTISTS (ARTIST_ID, ARTIST_NAME) VALUES (DEFAULT, 'Corey Taylor');
INSERT INTO ARTISTS (ARTIST_ID, ARTIST_NAME) VALUES (DEFAULT, 'Joey Jordison');
INSERT INTO ARTISTS (ARTIST_ID, ARTIST_NAME) VALUES (DEFAULT, 'Mick Thomson');
INSERT INTO ARTISTS (ARTIST_ID, ARTIST_NAME) VALUES (DEFAULT, 'Shawn Crahan');
INSERT INTO ARTISTS (ARTIST_ID, ARTIST_NAME) VALUES (DEFAULT, 'Sid Wilson');
INSERT INTO ARTISTS (ARTIST_ID, ARTIST_NAME) VALUES (DEFAULT, 'Paul Gray');
INSERT INTO ARTISTS (ARTIST_ID, ARTIST_NAME) VALUES (DEFAULT, 'James Root');
COMMIT;

SELECT * FROM ARTISTS
ORDER BY ARTIST_ID ;


SELECT artists_seq.nextval FROM dual;
ALTER SEQUENCE artists_seq RESTART START WITH 100;
COMMIT;

-- 5. Bands
INSERT INTO BANDS(BAND_ID) VALUES (5);
INSERT INTO BANDS(BAND_ID) VALUES (11);
INSERT INTO BANDS(BAND_ID) VALUES (12);
INSERT INTO BANDS(BAND_ID) VALUES (13);
INSERT INTO BANDS(BAND_ID) VALUES (14);
INSERT INTO BANDS(BAND_ID) VALUES (15);
INSERT INTO BANDS(BAND_ID) VALUES (16);
INSERT INTO BANDS(BAND_ID) VALUES (17);
INSERT INTO BANDS(BAND_ID) VALUES (18);
INSERT INTO BANDS(BAND_ID) VALUES (19);
COMMIT;

SELECT * FROM BANDS;

-- 6. SoloArtists
INSERT INTO SOLOARTISTS(SOLOARTIST_ID,SOLOARTIST_NAME) VALUES(1,'Khaled Mohamed Khaled');
INSERT INTO SOLOARTISTS(SOLOARTIST_ID,SOLOARTIST_NAME) VALUES(2,'Alan Olav Walker');
INSERT INTO SOLOARTISTS(SOLOARTIST_ID,SOLOARTIST_NAME) VALUES(3,'Harry Edward Styles');
INSERT INTO SOLOARTISTS(SOLOARTIST_ID,SOLOARTIST_NAME) VALUES(4,'Shakira Isabel Mebarak Ripoll');
INSERT INTO SOLOARTISTS(SOLOARTIST_ID,SOLOARTIST_NAME) VALUES(6,'Taylor Alison Swift');
INSERT INTO SOLOARTISTS(SOLOARTIST_ID,SOLOARTIST_NAME) VALUES(7,'Gordon Matthew Thomas Sumner');
INSERT INTO SOLOARTISTS(SOLOARTIST_ID,SOLOARTIST_NAME) VALUES(8,'Billie Eilish Pirate Baird O''Connell');
INSERT INTO SOLOARTISTS(SOLOARTIST_ID,SOLOARTIST_NAME) VALUES(9,'Aubrey Drake Graham');
INSERT INTO SOLOARTISTS(SOLOARTIST_ID,SOLOARTIST_NAME) VALUES(10,'Ariana Grande-Butera');
INSERT INTO SOLOARTISTS(SOLOARTIST_ID,SOLOARTIST_NAME) VALUES(21,'Corey Todd Taylor');
INSERT INTO SOLOARTISTS(SOLOARTIST_ID,SOLOARTIST_NAME) VALUES(20,'Nathan Jonas Jordison');
INSERT INTO SOLOARTISTS(SOLOARTIST_ID,SOLOARTIST_NAME) VALUES(22,'Mickael Gordon Thomson');
INSERT INTO SOLOARTISTS(SOLOARTIST_ID,SOLOARTIST_NAME) VALUES(23,'Michael Shawn Crahan');
INSERT INTO SOLOARTISTS(SOLOARTIST_ID,SOLOARTIST_NAME) VALUES(24,'Sidney George Wilson');
INSERT INTO SOLOARTISTS(SOLOARTIST_ID,SOLOARTIST_NAME) VALUES(25,'Paul Dedrick Gray');
INSERT INTO SOLOARTISTS(SOLOARTIST_ID,SOLOARTIST_NAME) VALUES(26,'James Donald Root');

COMMIT;
SELECT * FROM SOLOARTISTS;

-- 7. ArtistsInBand
INSERT INTO ARTISTSINBAND(ARTINBAND_ID,ARTIST_ID,BAND_ID) VALUES (DEFAULT, 20, 16);
INSERT INTO ARTISTSINBAND(ARTINBAND_ID,ARTIST_ID,BAND_ID) VALUES (DEFAULT, 21, 16);
INSERT INTO ARTISTSINBAND(ARTINBAND_ID,ARTIST_ID,BAND_ID) VALUES (DEFAULT, 22, 16);
INSERT INTO ARTISTSINBAND(ARTINBAND_ID,ARTIST_ID,BAND_ID) VALUES (DEFAULT, 23, 16);
INSERT INTO ARTISTSINBAND(ARTINBAND_ID,ARTIST_ID,BAND_ID) VALUES (DEFAULT, 24, 16);
INSERT INTO ARTISTSINBAND(ARTINBAND_ID,ARTIST_ID,BAND_ID) VALUES (DEFAULT, 25, 16);
INSERT INTO ARTISTSINBAND(ARTINBAND_ID,ARTIST_ID,BAND_ID) VALUES (DEFAULT, 26, 16);
COMMIT;

SELECT * FROM ARTISTSINBAND;


-- 8. Instruments
INSERT INTO INSTRUMENTS(INSTRUMENT_ID,INSTRUMENT_NAME) VALUES (DEFAULT,'Drum');
INSERT INTO INSTRUMENTS(INSTRUMENT_ID,INSTRUMENT_NAME) VALUES (DEFAULT,'Acoustic Guitar');
INSERT INTO INSTRUMENTS(INSTRUMENT_ID,INSTRUMENT_NAME) VALUES (DEFAULT,'Electric Guitar');
INSERT INTO INSTRUMENTS(INSTRUMENT_ID,INSTRUMENT_NAME) VALUES (DEFAULT,'Bass Guitar');
INSERT INTO INSTRUMENTS(INSTRUMENT_ID,INSTRUMENT_NAME) VALUES (DEFAULT,'Violin');
INSERT INTO INSTRUMENTS(INSTRUMENT_ID,INSTRUMENT_NAME) VALUES (DEFAULT,'Viola');
INSERT INTO INSTRUMENTS(INSTRUMENT_ID,INSTRUMENT_NAME) VALUES (DEFAULT,'Piano');
INSERT INTO INSTRUMENTS(INSTRUMENT_ID,INSTRUMENT_NAME) VALUES (DEFAULT,'Pianino');
INSERT INTO INSTRUMENTS(INSTRUMENT_ID,INSTRUMENT_NAME) VALUES (DEFAULT,'Vocal');
INSERT INTO INSTRUMENTS(INSTRUMENT_ID,INSTRUMENT_NAME) VALUES (DEFAULT,'Harp');
INSERT INTO INSTRUMENTS(INSTRUMENT_ID,INSTRUMENT_NAME) VALUES (DEFAULT,'Percussion Instruments');
INSERT INTO INSTRUMENTS(INSTRUMENT_ID,INSTRUMENT_NAME) VALUES (DEFAULT,'Synthesizer');
COMMIT;

SELECT * FROM INSTRUMENTS;

-- 9. Plays
INSERT INTO PLAYS(PLAY_ID,ARTIST_ID,INSTRUMENT_ID) VALUES (DEFAULT, 1, 2);
INSERT INTO PLAYS(PLAY_ID,ARTIST_ID,INSTRUMENT_ID) VALUES (DEFAULT, 1, 9);
INSERT INTO PLAYS(PLAY_ID,ARTIST_ID,INSTRUMENT_ID) VALUES (DEFAULT, 2, 12);
INSERT INTO PLAYS(PLAY_ID,ARTIST_ID,INSTRUMENT_ID) VALUES (DEFAULT, 3, 1);
INSERT INTO PLAYS(PLAY_ID,ARTIST_ID,INSTRUMENT_ID) VALUES (DEFAULT, 3, 2);
INSERT INTO PLAYS(PLAY_ID,ARTIST_ID,INSTRUMENT_ID) VALUES (DEFAULT, 3, 3);
INSERT INTO PLAYS(PLAY_ID,ARTIST_ID,INSTRUMENT_ID) VALUES (DEFAULT, 3, 4);
INSERT INTO PLAYS(PLAY_ID,ARTIST_ID,INSTRUMENT_ID) VALUES (DEFAULT, 3, 9);
INSERT INTO PLAYS(PLAY_ID,ARTIST_ID,INSTRUMENT_ID) VALUES (DEFAULT, 4, 1);
INSERT INTO PLAYS(PLAY_ID,ARTIST_ID,INSTRUMENT_ID) VALUES (DEFAULT, 4, 2);
INSERT INTO PLAYS(PLAY_ID,ARTIST_ID,INSTRUMENT_ID) VALUES (DEFAULT, 4, 9);
COMMIT;

SELECT * FROM plays;

-- 10. Awards
INSERT INTO AWARDS (AWARD_ID, AWARD_NAME, AWARD_DATE) VALUES (DEFAULT, 'Academy of Country Music Awards', TO_DATE('2012-01-01 00:00:00','yyyy-mm-dd hh24:mi:ss'));
INSERT INTO AWARDS (AWARD_ID, AWARD_NAME, AWARD_DATE) VALUES (DEFAULT, 'American Country Awards', TO_DATE('2013-01-01 00:00:00','yyyy-mm-dd hh24:mi:ss'));
INSERT INTO AWARDS (AWARD_ID, AWARD_NAME, AWARD_DATE) VALUES (DEFAULT, 'American Music Awards', TO_DATE('2015-01-01 00:00:00','yyyy-mm-dd hh24:mi:ss'));
INSERT INTO AWARDS (AWARD_ID, AWARD_NAME, AWARD_DATE) VALUES (DEFAULT, 'Apple Music Awards', TO_DATE('2020-01-01 00:00:00','yyyy-mm-dd hh24:mi:ss'));
INSERT INTO AWARDS (AWARD_ID, AWARD_NAME, AWARD_DATE) VALUES (DEFAULT, 'Apple Music Awards', TO_DATE('2021-01-01 00:00:00','yyyy-mm-dd hh24:mi:ss'));
INSERT INTO AWARDS (AWARD_ID, AWARD_NAME, AWARD_DATE) VALUES (DEFAULT, 'BBC Music Awards', TO_DATE('2014-01-01 00:00:00','yyyy-mm-dd hh24:mi:ss'));
INSERT INTO AWARDS (AWARD_ID, AWARD_NAME, AWARD_DATE) VALUES (DEFAULT, 'BBC Music Awards', TO_DATE('2019-01-01 00:00:00','yyyy-mm-dd hh24:mi:ss'));
INSERT INTO AWARDS (AWARD_ID, AWARD_NAME, AWARD_DATE) VALUES (DEFAULT, 'BBC Music Awards', TO_DATE('2021-01-01 00:00:00','yyyy-mm-dd hh24:mi:ss'));
INSERT INTO AWARDS (AWARD_ID, AWARD_NAME, AWARD_DATE) VALUES (DEFAULT, 'Billboard Music Awards', TO_DATE('2016-01-01 00:00:00','yyyy-mm-dd hh24:mi:ss'));
INSERT INTO AWARDS (AWARD_ID, AWARD_NAME, AWARD_DATE) VALUES (DEFAULT, 'Billboard Music Awards', TO_DATE('2017-01-01 00:00:00','yyyy-mm-dd hh24:mi:ss'));
INSERT INTO AWARDS (AWARD_ID, AWARD_NAME, AWARD_DATE) VALUES (DEFAULT, 'Billboard Music Awards', TO_DATE('2020-01-01 00:00:00','yyyy-mm-dd hh24:mi:ss'));

COMMIT;

SELECT * FROM AWARDS;
-- 11. ArtistsAwarded
INSERT INTO ARTISTSAWARDED(ARTISTAWARDED_ID,ARTIST_ID,AWARD_ID) VALUES (DEFAULT, 6, 1);
INSERT INTO ARTISTSAWARDED(ARTISTAWARDED_ID,ARTIST_ID,AWARD_ID) VALUES (DEFAULT, 6, 2);
INSERT INTO ARTISTSAWARDED(ARTISTAWARDED_ID,ARTIST_ID,AWARD_ID) VALUES (DEFAULT, 6, 3);
INSERT INTO ARTISTSAWARDED(ARTISTAWARDED_ID,ARTIST_ID,AWARD_ID) VALUES (DEFAULT, 6, 4);
INSERT INTO ARTISTSAWARDED(ARTISTAWARDED_ID,ARTIST_ID,AWARD_ID) VALUES (DEFAULT, 101, 5);
INSERT INTO ARTISTSAWARDED(ARTISTAWARDED_ID,ARTIST_ID,AWARD_ID) VALUES (DEFAULT, 6, 7);
INSERT INTO ARTISTSAWARDED(ARTISTAWARDED_ID,ARTIST_ID,AWARD_ID) VALUES (DEFAULT, 6, 9);
INSERT INTO ARTISTSAWARDED(ARTISTAWARDED_ID,ARTIST_ID,AWARD_ID) VALUES (DEFAULT, 6, 11);
INSERT INTO ARTISTSAWARDED(ARTISTAWARDED_ID,ARTIST_ID,AWARD_ID) VALUES (DEFAULT, 101, 5);
INSERT INTO ARTISTSAWARDED(ARTISTAWARDED_ID,ARTIST_ID,AWARD_ID) VALUES (DEFAULT, 101, 11);
COMMIT;

SELECT * FROM ARTISTSAWARDED;
-- 12. StudioLocations
COMMIT;

-- 13. Studios
COMMIT;

-- 14. RehearsalRoomLocations
COMMIT;

-- 15. RehearsalRooms
COMMIT;

-- 16. Practicing
COMMIT;

-- 17. Genres
INSERT INTO GENRES(GENRE_ID,GENRE_NAME) VALUES(DEFAULT, 'Pop');
INSERT INTO GENRES(GENRE_ID,GENRE_NAME) VALUES(DEFAULT, 'Rock');
INSERT INTO GENRES(GENRE_ID,GENRE_NAME) VALUES(DEFAULT, 'Hip Hop');
INSERT INTO GENRES(GENRE_ID,GENRE_NAME) VALUES(DEFAULT, 'Jazz');
INSERT INTO GENRES(GENRE_ID,GENRE_NAME) VALUES(DEFAULT, 'Electronic');
INSERT INTO GENRES(GENRE_ID,GENRE_NAME) VALUES(DEFAULT, 'Classical');
INSERT INTO GENRES(GENRE_ID,GENRE_NAME) VALUES(DEFAULT, 'Heavy metal');
INSERT INTO GENRES(GENRE_ID,GENRE_NAME) VALUES(DEFAULT, 'Electronic dance');
INSERT INTO GENRES(GENRE_ID,GENRE_NAME) VALUES(DEFAULT, 'Folk');
INSERT INTO GENRES(GENRE_ID,GENRE_NAME) VALUES(DEFAULT, 'Reggae');
INSERT INTO GENRES(GENRE_ID,GENRE_NAME) VALUES(DEFAULT, 'Soul');
INSERT INTO GENRES(GENRE_ID,GENRE_NAME) VALUES(DEFAULT, 'World');
INSERT INTO GENRES(GENRE_ID,GENRE_NAME) VALUES(DEFAULT, 'Alternative rock');
INSERT INTO GENRES(GENRE_ID,GENRE_NAME) VALUES(DEFAULT, 'Punk rock');
INSERT INTO GENRES(GENRE_ID,GENRE_NAME) VALUES(DEFAULT, 'Indie rock');
INSERT INTO GENRES(GENRE_ID,GENRE_NAME) VALUES(DEFAULT, 'House');
INSERT INTO GENRES(GENRE_ID,GENRE_NAME) VALUES(DEFAULT, 'Funk');
INSERT INTO GENRES(GENRE_ID,GENRE_NAME) VALUES(DEFAULT, 'Easy listening');
INSERT INTO GENRES(GENRE_ID,GENRE_NAME) VALUES(DEFAULT, 'Latin');
INSERT INTO GENRES(GENRE_ID,GENRE_NAME) VALUES(DEFAULT, 'Techno');
INSERT INTO GENRES(GENRE_ID,GENRE_NAME) VALUES(DEFAULT, 'Pop rock');
INSERT INTO GENRES(GENRE_ID,GENRE_NAME) VALUES(DEFAULT, 'Dubstep');
INSERT INTO GENRES(GENRE_ID,GENRE_NAME) VALUES(DEFAULT, 'Disco');
INSERT INTO GENRES(GENRE_ID,GENRE_NAME) VALUES(DEFAULT, 'Ambient');
INSERT INTO GENRES(GENRE_ID,GENRE_NAME) VALUES(DEFAULT, 'K-pop');
INSERT INTO GENRES(GENRE_ID,GENRE_NAME) VALUES(DEFAULT, 'Eletro');
INSERT INTO GENRES(GENRE_ID,GENRE_NAME) VALUES(DEFAULT, 'Music of Africa');
INSERT INTO GENRES(GENRE_ID,GENRE_NAME) VALUES(DEFAULT, 'Grunge');
INSERT INTO GENRES(GENRE_ID,GENRE_NAME) VALUES(DEFAULT, 'Rap');
INSERT INTO GENRES(GENRE_ID,GENRE_NAME) VALUES(DEFAULT, 'Trap');
INSERT INTO GENRES(GENRE_ID,GENRE_NAME) VALUES(DEFAULT, 'Gospel');
INSERT INTO GENRES(GENRE_ID,GENRE_NAME) VALUES(DEFAULT, 'Lofi hip hop');
INSERT INTO GENRES(GENRE_ID,GENRE_NAME) VALUES(DEFAULT, 'Country');
COMMIT;
SELECT * FROM GENRES;

-- 18. Musics
INSERT INTO MUSICS (MUSIC_ID, MUSIC_NAME, MUSIC_RELEASE_DATE) VALUES (DEFAULT, 'All I Want For Christmas Is You',TO_DATE('1924-10-29 00:00:00','yyyy-mm-dd hh24:mi:ss'));
INSERT INTO MUSICS (MUSIC_ID, MUSIC_NAME, MUSIC_RELEASE_DATE) VALUES (DEFAULT, 'Rockin'' Around The Christmas Tree',TO_DATE('1958-01-01 00:00:00','yyyy-mm-dd hh24:mi:ss'));
INSERT INTO MUSICS (MUSIC_ID, MUSIC_NAME, MUSIC_RELEASE_DATE) VALUES (DEFAULT, 'Jingle Bell Rock',TO_DATE('1957-01-01 00:00:00','yyyy-mm-dd hh24:mi:ss'));
INSERT INTO MUSICS (MUSIC_ID, MUSIC_NAME, MUSIC_RELEASE_DATE) VALUES (DEFAULT, 'A Holly Jolly Christmas',TO_DATE('2011-01-01 00:00:00','yyyy-mm-dd hh24:mi:ss'));
INSERT INTO MUSICS (MUSIC_ID, MUSIC_NAME, MUSIC_RELEASE_DATE) VALUES (DEFAULT, 'Last Christmas',TO_DATE('1984-12-03 00:00:00','yyyy-mm-dd hh24:mi:ss'));
INSERT INTO MUSICS (MUSIC_ID, MUSIC_NAME, MUSIC_RELEASE_DATE) VALUES (DEFAULT, 'It''s The Most Wonderful Time Of The Year',TO_DATE('1963-10-14 00:00:00','yyyy-mm-dd hh24:mi:ss'));
INSERT INTO MUSICS (MUSIC_ID, MUSIC_NAME, MUSIC_RELEASE_DATE) VALUES (DEFAULT, 'Kill Bill',TO_DATE('2022-12-09 00:00:00','yyyy-mm-dd hh24:mi:ss'));
INSERT INTO MUSICS (MUSIC_ID, MUSIC_NAME, MUSIC_RELEASE_DATE) VALUES (DEFAULT, 'Feliz Navidad',TO_DATE('1970-06-13 00:00:00','yyyy-mm-dd hh24:mi:ss'));
INSERT INTO MUSICS (MUSIC_ID, MUSIC_NAME, MUSIC_RELEASE_DATE) VALUES (DEFAULT, 'Anti-Hero',TO_DATE('2022-10-21 00:00:00','yyyy-mm-dd hh24:mi:ss'));
INSERT INTO MUSICS (MUSIC_ID, MUSIC_NAME, MUSIC_RELEASE_DATE) VALUES (DEFAULT, 'Unholy',TO_DATE('2022-09-22 00:00:00','yyyy-mm-dd hh24:mi:ss'));
INSERT INTO MUSICS (MUSIC_ID, MUSIC_NAME, MUSIC_RELEASE_DATE) VALUES (DEFAULT, 'The Christmas Song (Merry Christmas To You)',TO_DATE('1946-10-11 00:00:00','yyyy-mm-dd hh24:mi:ss'));
INSERT INTO MUSICS (MUSIC_ID, MUSIC_NAME, MUSIC_RELEASE_DATE) VALUES (DEFAULT, 'Santa Tell Me',TO_DATE('2014-11-24 00:00:00','yyyy-mm-dd hh24:mi:ss'));
INSERT INTO MUSICS (MUSIC_ID, MUSIC_NAME, MUSIC_RELEASE_DATE) VALUES (DEFAULT, 'Sleigh Ride',TO_DATE('2020-10-13 00:00:00','yyyy-mm-dd hh24:mi:ss'));
INSERT INTO MUSICS (MUSIC_ID, MUSIC_NAME, MUSIC_RELEASE_DATE) VALUES (DEFAULT, 'Underneath The Tree',TO_DATE('2013-11-05 00:00:00','yyyy-mm-dd hh24:mi:ss'));
INSERT INTO MUSICS (MUSIC_ID, MUSIC_NAME, MUSIC_RELEASE_DATE) VALUES (DEFAULT, 'Christmas (Baby Please Come Home)',TO_DATE('1963-11-22 00:00:00','yyyy-mm-dd hh24:mi:ss'));
INSERT INTO MUSICS (MUSIC_ID, MUSIC_NAME, MUSIC_RELEASE_DATE) VALUES (DEFAULT, 'Deck The Halls',TO_DATE('1862-01-01 00:00:00','yyyy-mm-dd hh24:mi:ss'));
INSERT INTO MUSICS (MUSIC_ID, MUSIC_NAME, MUSIC_RELEASE_DATE) VALUES (DEFAULT, 'Let It Snow, Let It Snow, Let It Snow',TO_DATE('1993-09-23 00:00:00','yyyy-mm-dd hh24:mi:ss'));
INSERT INTO MUSICS (MUSIC_ID, MUSIC_NAME, MUSIC_RELEASE_DATE) VALUES (DEFAULT, 'White Christmas',TO_DATE('1942-07-01 00:00:00','yyyy-mm-dd hh24:mi:ss'));
INSERT INTO MUSICS (MUSIC_ID, MUSIC_NAME, MUSIC_RELEASE_DATE) VALUES (DEFAULT, 'Creepin''',TO_DATE('2022-12-05 00:00:00','yyyy-mm-dd hh24:mi:ss'));
INSERT INTO MUSICS (MUSIC_ID, MUSIC_NAME, MUSIC_RELEASE_DATE) VALUES (DEFAULT, 'Rich Flex',TO_DATE('2022-11-04 00:00:00','yyyy-mm-dd hh24:mi:ss'));

SELECT musics_seq.currval FROM dual;
ALTER SEQUENCE musics_seq RESTART START WITH 20;

INSERT INTO MUSICS (MUSIC_ID, MUSIC_NAME, MUSIC_RELEASE_DATE) VALUES (DEFAULT, 'It''s Beginning To Look A Lot Like Christmas',TO_DATE('1951-09-18 00:00:00','yyyy-mm-dd hh24:mi:ss'));
INSERT INTO MUSICS (MUSIC_ID, MUSIC_NAME, MUSIC_RELEASE_DATE) VALUES (DEFAULT, 'Jingle Bells',TO_DATE('1857-09-16 00:00:00','yyyy-mm-dd hh24:mi:ss'));
INSERT INTO MUSICS (MUSIC_ID, MUSIC_NAME, MUSIC_RELEASE_DATE) VALUES (DEFAULT, 'I''m Good (Blue)',TO_DATE('2022-08-26 00:00:00','yyyy-mm-dd hh24:mi:ss'));
INSERT INTO MUSICS (MUSIC_ID, MUSIC_NAME, MUSIC_RELEASE_DATE) VALUES (DEFAULT, 'Here Comes Santa Claus (Right Down Santa Claus Lane)',TO_DATE('1947-10-06 00:00:00','yyyy-mm-dd hh24:mi:ss'));
INSERT INTO MUSICS (MUSIC_ID, MUSIC_NAME, MUSIC_RELEASE_DATE) VALUES (DEFAULT, 'Die For You',TO_DATE('2017-09-19 00:00:00','yyyy-mm-dd hh24:mi:ss'));


INSERT INTO MUSICS (MUSIC_ID, MUSIC_NAME, MUSIC_RELEASE_DATE) VALUES (DEFAULT, 'Blue Christmas',TO_DATE('1887-01-01 00:00:00','yyyy-mm-dd hh24:mi:ss'));
INSERT INTO MUSICS (MUSIC_ID, MUSIC_NAME, MUSIC_RELEASE_DATE) VALUES (DEFAULT, 'Rudolph The Red-Nosed Reindeer',TO_DATE('1887-01-01 00:00:00','yyyy-mm-dd hh24:mi:ss'));
INSERT INTO MUSICS (MUSIC_ID, MUSIC_NAME, MUSIC_RELEASE_DATE) VALUES (DEFAULT, 'Bad Habit',TO_DATE('1887-01-01 00:00:00','yyyy-mm-dd hh24:mi:ss'));
INSERT INTO MUSICS (MUSIC_ID, MUSIC_NAME, MUSIC_RELEASE_DATE) VALUES (DEFAULT, 'Little Saint Nick',TO_DATE('1887-01-01 00:00:00','yyyy-mm-dd hh24:mi:ss'));
INSERT INTO MUSICS (MUSIC_ID, MUSIC_NAME, MUSIC_RELEASE_DATE) VALUES (DEFAULT, 'You''re A Mean One, Mr. Grinch',TO_DATE('1887-01-01 00:00:00','yyyy-mm-dd hh24:mi:ss'));
INSERT INTO MUSICS (MUSIC_ID, MUSIC_NAME, MUSIC_RELEASE_DATE) VALUES (DEFAULT, 'Wonderful Christmastime',TO_DATE('1887-01-01 00:00:00','yyyy-mm-dd hh24:mi:ss'));
INSERT INTO MUSICS (MUSIC_ID, MUSIC_NAME, MUSIC_RELEASE_DATE) VALUES (DEFAULT, 'Santa Claus Is Comin'' To Town',TO_DATE('1887-01-01 00:00:00','yyyy-mm-dd hh24:mi:ss'));
INSERT INTO MUSICS (MUSIC_ID, MUSIC_NAME, MUSIC_RELEASE_DATE) VALUES (DEFAULT, 'Run Rudolph Run',TO_DATE('1887-01-01 00:00:00','yyyy-mm-dd hh24:mi:ss'));
INSERT INTO MUSICS (MUSIC_ID, MUSIC_NAME, MUSIC_RELEASE_DATE) VALUES (DEFAULT, 'As It Was',TO_DATE('1887-01-01 00:00:00','yyyy-mm-dd hh24:mi:ss'));
INSERT INTO MUSICS (MUSIC_ID, MUSIC_NAME, MUSIC_RELEASE_DATE) VALUES (DEFAULT, 'Shirt',TO_DATE('1887-01-01 00:00:00','yyyy-mm-dd hh24:mi:ss'));
INSERT INTO MUSICS (MUSIC_ID, MUSIC_NAME, MUSIC_RELEASE_DATE) VALUES (DEFAULT, 'Under The Influence',TO_DATE('1887-01-01 00:00:00','yyyy-mm-dd hh24:mi:ss'));
INSERT INTO MUSICS (MUSIC_ID, MUSIC_NAME, MUSIC_RELEASE_DATE) VALUES (DEFAULT, 'Happy Xmas (War Is Over)',TO_DATE('1887-01-01 00:00:00','yyyy-mm-dd hh24:mi:ss'));
INSERT INTO MUSICS (MUSIC_ID, MUSIC_NAME, MUSIC_RELEASE_DATE) VALUES (DEFAULT, 'Cuff It',TO_DATE('1887-01-01 00:00:00','yyyy-mm-dd hh24:mi:ss'));
INSERT INTO MUSICS (MUSIC_ID, MUSIC_NAME, MUSIC_RELEASE_DATE) VALUES (DEFAULT, 'Happy Holiday / The Holiday Season',TO_DATE('1887-01-01 00:00:00','yyyy-mm-dd hh24:mi:ss'));
INSERT INTO MUSICS (MUSIC_ID, MUSIC_NAME, MUSIC_RELEASE_DATE) VALUES (DEFAULT, 'Superhero (Heroes & Villains)',TO_DATE('1887-01-01 00:00:00','yyyy-mm-dd hh24:mi:ss'));
INSERT INTO MUSICS (MUSIC_ID, MUSIC_NAME, MUSIC_RELEASE_DATE) VALUES (DEFAULT, 'Merry Christmas',TO_DATE('1887-01-01 00:00:00','yyyy-mm-dd hh24:mi:ss'));
INSERT INTO MUSICS (MUSIC_ID, MUSIC_NAME, MUSIC_RELEASE_DATE) VALUES (DEFAULT, 'Nobody Gets Me',TO_DATE('1887-01-01 00:00:00','yyyy-mm-dd hh24:mi:ss'));
INSERT INTO MUSICS (MUSIC_ID, MUSIC_NAME, MUSIC_RELEASE_DATE) VALUES (DEFAULT, 'Please Come Home For Christmas',TO_DATE('1887-01-01 00:00:00','yyyy-mm-dd hh24:mi:ss'));
INSERT INTO MUSICS (MUSIC_ID, MUSIC_NAME, MUSIC_RELEASE_DATE) VALUES (DEFAULT, 'Santa Baby',TO_DATE('1887-01-01 00:00:00','yyyy-mm-dd hh24:mi:ss'));
INSERT INTO MUSICS (MUSIC_ID, MUSIC_NAME, MUSIC_RELEASE_DATE) VALUES (DEFAULT, 'You Proof',TO_DATE('1887-01-01 00:00:00','yyyy-mm-dd hh24:mi:ss'));
INSERT INTO MUSICS (MUSIC_ID, MUSIC_NAME, MUSIC_RELEASE_DATE) VALUES (DEFAULT, 'This Christmas',TO_DATE('1887-01-01 00:00:00','yyyy-mm-dd hh24:mi:ss'));
INSERT INTO MUSICS (MUSIC_ID, MUSIC_NAME, MUSIC_RELEASE_DATE) VALUES (DEFAULT, 'Blind',TO_DATE('1887-01-01 00:00:00','yyyy-mm-dd hh24:mi:ss'));
INSERT INTO MUSICS (MUSIC_ID, MUSIC_NAME, MUSIC_RELEASE_DATE) VALUES (DEFAULT, 'Linus And Lucy (Peanuts Theme)',TO_DATE('1887-01-01 00:00:00','yyyy-mm-dd hh24:mi:ss'));
INSERT INTO MUSICS (MUSIC_ID, MUSIC_NAME, MUSIC_RELEASE_DATE) VALUES (DEFAULT, 'Something In The Orange',TO_DATE('1887-01-01 00:00:00','yyyy-mm-dd hh24:mi:ss'));
INSERT INTO MUSICS (MUSIC_ID, MUSIC_NAME, MUSIC_RELEASE_DATE) VALUES (DEFAULT, 'Made You Look',TO_DATE('1887-01-01 00:00:00','yyyy-mm-dd hh24:mi:ss'));
INSERT INTO MUSICS (MUSIC_ID, MUSIC_NAME, MUSIC_RELEASE_DATE) VALUES (DEFAULT, 'Low',TO_DATE('1887-01-01 00:00:00','yyyy-mm-dd hh24:mi:ss'));
INSERT INTO MUSICS (MUSIC_ID, MUSIC_NAME, MUSIC_RELEASE_DATE) VALUES (DEFAULT, 'Super Freaky Girl',TO_DATE('1887-01-01 00:00:00','yyyy-mm-dd hh24:mi:ss'));
INSERT INTO MUSICS (MUSIC_ID, MUSIC_NAME, MUSIC_RELEASE_DATE) VALUES (DEFAULT, 'Golden Hour',TO_DATE('1887-01-01 00:00:00','yyyy-mm-dd hh24:mi:ss'));
INSERT INTO MUSICS (MUSIC_ID, MUSIC_NAME, MUSIC_RELEASE_DATE) VALUES (DEFAULT, 'Just Wanna Rock',TO_DATE('1887-01-01 00:00:00','yyyy-mm-dd hh24:mi:ss'));
INSERT INTO MUSICS (MUSIC_ID, MUSIC_NAME, MUSIC_RELEASE_DATE) VALUES (DEFAULT, 'Tomorrow 2',TO_DATE('1887-01-01 00:00:00','yyyy-mm-dd hh24:mi:ss'));
INSERT INTO MUSICS (MUSIC_ID, MUSIC_NAME, MUSIC_RELEASE_DATE) VALUES (DEFAULT, 'Lift Me Up',TO_DATE('1887-01-01 00:00:00','yyyy-mm-dd hh24:mi:ss'));
INSERT INTO MUSICS (MUSIC_ID, MUSIC_NAME, MUSIC_RELEASE_DATE) VALUES (DEFAULT, 'Love Language',TO_DATE('1887-01-01 00:00:00','yyyy-mm-dd hh24:mi:ss'));
INSERT INTO MUSICS (MUSIC_ID, MUSIC_NAME, MUSIC_RELEASE_DATE) VALUES (DEFAULT, 'Someday At Christmas',TO_DATE('1887-01-01 00:00:00','yyyy-mm-dd hh24:mi:ss'));
INSERT INTO MUSICS (MUSIC_ID, MUSIC_NAME, MUSIC_RELEASE_DATE) VALUES (DEFAULT, 'Thank God',TO_DATE('1887-01-01 00:00:00','yyyy-mm-dd hh24:mi:ss'));
INSERT INTO MUSICS (MUSIC_ID, MUSIC_NAME, MUSIC_RELEASE_DATE) VALUES (DEFAULT, 'Snooze',TO_DATE('1887-01-01 00:00:00','yyyy-mm-dd hh24:mi:ss'));
INSERT INTO MUSICS (MUSIC_ID, MUSIC_NAME, MUSIC_RELEASE_DATE) VALUES (DEFAULT, 'Until I Found You',TO_DATE('1887-01-01 00:00:00','yyyy-mm-dd hh24:mi:ss'));
INSERT INTO MUSICS (MUSIC_ID, MUSIC_NAME, MUSIC_RELEASE_DATE) VALUES (DEFAULT, 'Seek & Destroy',TO_DATE('1887-01-01 00:00:00','yyyy-mm-dd hh24:mi:ss'));
INSERT INTO MUSICS (MUSIC_ID, MUSIC_NAME, MUSIC_RELEASE_DATE) VALUES (DEFAULT, 'Rock And A Hard Place',TO_DATE('1887-01-01 00:00:00','yyyy-mm-dd hh24:mi:ss'));
INSERT INTO MUSICS (MUSIC_ID, MUSIC_NAME, MUSIC_RELEASE_DATE) VALUES (DEFAULT, 'What My World Spins Around',TO_DATE('1887-01-01 00:00:00','yyyy-mm-dd hh24:mi:ss'));
INSERT INTO MUSICS (MUSIC_ID, MUSIC_NAME, MUSIC_RELEASE_DATE) VALUES (DEFAULT, 'Victoria''s Secret',TO_DATE('1887-01-01 00:00:00','yyyy-mm-dd hh24:mi:ss'));
INSERT INTO MUSICS (MUSIC_ID, MUSIC_NAME, MUSIC_RELEASE_DATE) VALUES (DEFAULT, 'Lavender Haze',TO_DATE('1887-01-01 00:00:00','yyyy-mm-dd hh24:mi:ss'));
INSERT INTO MUSICS (MUSIC_ID, MUSIC_NAME, MUSIC_RELEASE_DATE) VALUES (DEFAULT, 'Son Of A Sinner',TO_DATE('1887-01-01 00:00:00','yyyy-mm-dd hh24:mi:ss'));
INSERT INTO MUSICS (MUSIC_ID, MUSIC_NAME, MUSIC_RELEASE_DATE) VALUES (DEFAULT, 'Wait In The Truck',TO_DATE('1887-01-01 00:00:00','yyyy-mm-dd hh24:mi:ss'));
INSERT INTO MUSICS (MUSIC_ID, MUSIC_NAME, MUSIC_RELEASE_DATE) VALUES (DEFAULT, 'Used',TO_DATE('1887-01-01 00:00:00','yyyy-mm-dd hh24:mi:ss'));
INSERT INTO MUSICS (MUSIC_ID, MUSIC_NAME, MUSIC_RELEASE_DATE) VALUES (DEFAULT, 'Special',TO_DATE('1887-01-01 00:00:00','yyyy-mm-dd hh24:mi:ss'));
INSERT INTO MUSICS (MUSIC_ID, MUSIC_NAME, MUSIC_RELEASE_DATE) VALUES (DEFAULT, 'Escapism',TO_DATE('1887-01-01 00:00:00','yyyy-mm-dd hh24:mi:ss'));
INSERT INTO MUSICS (MUSIC_ID, MUSIC_NAME, MUSIC_RELEASE_DATE) VALUES (DEFAULT, 'Going, Going, Gone',TO_DATE('1887-01-01 00:00:00','yyyy-mm-dd hh24:mi:ss'));
INSERT INTO MUSICS (MUSIC_ID, MUSIC_NAME, MUSIC_RELEASE_DATE) VALUES (DEFAULT, 'Heart Like A Truck',TO_DATE('1887-01-01 00:00:00','yyyy-mm-dd hh24:mi:ss'));
INSERT INTO MUSICS (MUSIC_ID, MUSIC_NAME, MUSIC_RELEASE_DATE) VALUES (DEFAULT, 'Ghost In The Machine',TO_DATE('1887-01-01 00:00:00','yyyy-mm-dd hh24:mi:ss'));
INSERT INTO MUSICS (MUSIC_ID, MUSIC_NAME, MUSIC_RELEASE_DATE) VALUES (DEFAULT, 'Blue Christmas',TO_DATE('1887-01-01 00:00:00','yyyy-mm-dd hh24:mi:ss'));
INSERT INTO MUSICS (MUSIC_ID, MUSIC_NAME, MUSIC_RELEASE_DATE) VALUES (DEFAULT, 'Star Walkin'' (League Of Legends Worlds Anthem)',TO_DATE('1887-01-01 00:00:00','yyyy-mm-dd hh24:mi:ss'));
INSERT INTO MUSICS (MUSIC_ID, MUSIC_NAME, MUSIC_RELEASE_DATE) VALUES (DEFAULT, 'Santa, Can''t You Hear Me',TO_DATE('1887-01-01 00:00:00','yyyy-mm-dd hh24:mi:ss'));
INSERT INTO MUSICS (MUSIC_ID, MUSIC_NAME, MUSIC_RELEASE_DATE) VALUES (DEFAULT, 'SOS',TO_DATE('1887-01-01 00:00:00','yyyy-mm-dd hh24:mi:ss'));
INSERT INTO MUSICS (MUSIC_ID, MUSIC_NAME, MUSIC_RELEASE_DATE) VALUES (DEFAULT, 'Whiskey On You',TO_DATE('1887-01-01 00:00:00','yyyy-mm-dd hh24:mi:ss'));
INSERT INTO MUSICS (MUSIC_ID, MUSIC_NAME, MUSIC_RELEASE_DATE) VALUES (DEFAULT, 'Last Christmas',TO_DATE('1887-01-01 00:00:00','yyyy-mm-dd hh24:mi:ss'));
INSERT INTO MUSICS (MUSIC_ID, MUSIC_NAME, MUSIC_RELEASE_DATE) VALUES (DEFAULT, 'Gone Girl',TO_DATE('1887-01-01 00:00:00','yyyy-mm-dd hh24:mi:ss'));
INSERT INTO MUSICS (MUSIC_ID, MUSIC_NAME, MUSIC_RELEASE_DATE) VALUES (DEFAULT, 'Calm Down',TO_DATE('1887-01-01 00:00:00','yyyy-mm-dd hh24:mi:ss'));
INSERT INTO MUSICS (MUSIC_ID, MUSIC_NAME, MUSIC_RELEASE_DATE) VALUES (DEFAULT, 'Too Many Nights',TO_DATE('1887-01-01 00:00:00','yyyy-mm-dd hh24:mi:ss'));
INSERT INTO MUSICS (MUSIC_ID, MUSIC_NAME, MUSIC_RELEASE_DATE) VALUES (DEFAULT, 'Notice Me',TO_DATE('1887-01-01 00:00:00','yyyy-mm-dd hh24:mi:ss'));
INSERT INTO MUSICS (MUSIC_ID, MUSIC_NAME, MUSIC_RELEASE_DATE) VALUES (DEFAULT, 'Open Arms',TO_DATE('1887-01-01 00:00:00','yyyy-mm-dd hh24:mi:ss'));
INSERT INTO MUSICS (MUSIC_ID, MUSIC_NAME, MUSIC_RELEASE_DATE) VALUES (DEFAULT, 'Spin Bout U',TO_DATE('1887-01-01 00:00:00','yyyy-mm-dd hh24:mi:ss'));
INSERT INTO MUSICS (MUSIC_ID, MUSIC_NAME, MUSIC_RELEASE_DATE) VALUES (DEFAULT, 'Smoking On My Ex Pack',TO_DATE('1887-01-01 00:00:00','yyyy-mm-dd hh24:mi:ss'));
INSERT INTO MUSICS (MUSIC_ID, MUSIC_NAME, MUSIC_RELEASE_DATE) VALUES (DEFAULT, 'Niagara Falls (Foot Or 2)',TO_DATE('1887-01-01 00:00:00','yyyy-mm-dd hh24:mi:ss'));
INSERT INTO MUSICS (MUSIC_ID, MUSIC_NAME, MUSIC_RELEASE_DATE) VALUES (DEFAULT, 'Circo Loco',TO_DATE('1887-01-01 00:00:00','yyyy-mm-dd hh24:mi:ss'));
INSERT INTO MUSICS (MUSIC_ID, MUSIC_NAME, MUSIC_RELEASE_DATE) VALUES (DEFAULT, 'F2F',TO_DATE('1887-01-01 00:00:00','yyyy-mm-dd hh24:mi:ss'));
INSERT INTO MUSICS (MUSIC_ID, MUSIC_NAME, MUSIC_RELEASE_DATE) VALUES (DEFAULT, 'Face 2 Face',TO_DATE('1887-01-01 00:00:00','yyyy-mm-dd hh24:mi:ss'));
INSERT INTO MUSICS (MUSIC_ID, MUSIC_NAME, MUSIC_RELEASE_DATE) VALUES (DEFAULT, 'Kid On Christmas',TO_DATE('1887-01-01 00:00:00','yyyy-mm-dd hh24:mi:ss'));
INSERT INTO MUSICS (MUSIC_ID, MUSIC_NAME, MUSIC_RELEASE_DATE) VALUES (DEFAULT, 'Romantic Homicide',TO_DATE('1887-01-01 00:00:00','yyyy-mm-dd hh24:mi:ss'));
INSERT INTO MUSICS (MUSIC_ID, MUSIC_NAME, MUSIC_RELEASE_DATE) VALUES (DEFAULT, 'Conceited',TO_DATE('1887-01-01 00:00:00','yyyy-mm-dd hh24:mi:ss'));
INSERT INTO MUSICS (MUSIC_ID, MUSIC_NAME, MUSIC_RELEASE_DATE) VALUES (DEFAULT, 'Down Home',TO_DATE('1887-01-01 00:00:00','yyyy-mm-dd hh24:mi:ss'));
INSERT INTO MUSICS (MUSIC_ID, MUSIC_NAME, MUSIC_RELEASE_DATE) VALUES (DEFAULT, 'One Thing At A Time',TO_DATE('1887-01-01 00:00:00','yyyy-mm-dd hh24:mi:ss'));
INSERT INTO MUSICS (MUSIC_ID, MUSIC_NAME, MUSIC_RELEASE_DATE) VALUES (DEFAULT, 'Hold Me Closer',TO_DATE('1887-01-01 00:00:00','yyyy-mm-dd hh24:mi:ss'));
INSERT INTO MUSICS (MUSIC_ID, MUSIC_NAME, MUSIC_RELEASE_DATE) VALUES (DEFAULT, 'Far',TO_DATE('1887-01-01 00:00:00','yyyy-mm-dd hh24:mi:ss'));
INSERT INTO MUSICS (MUSIC_ID, MUSIC_NAME, MUSIC_RELEASE_DATE) VALUES (DEFAULT, 'All Mine',TO_DATE('1887-01-01 00:00:00','yyyy-mm-dd hh24:mi:ss'));

-- note: this upper block was added with a default release date and that and the id was later cleaned up
SELECT musics_seq.currval FROM dual;
ALTER SEQUENCE musics_seq RESTART START WITH 97;



-- all artists with correct dates

INSERT INTO "C##INFO46".MUSICS (MUSIC_ID,MUSIC_NAME,MUSIC_RELEASE_DATE) VALUES
	 (1,'All I Want For Christmas Is You',TIMESTAMP'1924-10-29 00:00:00.0'),
	 (2,'Rockin'' Around The Christmas Tree',TIMESTAMP'1958-01-01 00:00:00.0'),
	 (3,'Jingle Bell Rock',TIMESTAMP'1957-01-01 00:00:00.0'),
	 (4,'A Holly Jolly Christmas',TIMESTAMP'2011-01-01 00:00:00.0'),
	 (5,'Last Christmas',TIMESTAMP'1984-12-03 00:00:00.0'),
	 (6,'It''s The Most Wonderful Time Of The Year',TIMESTAMP'1963-10-14 00:00:00.0'),
	 (7,'Kill Bill',TIMESTAMP'2022-12-09 00:00:00.0'),
	 (8,'Feliz Navidad',TIMESTAMP'1970-06-13 00:00:00.0'),
	 (9,'Anti-Hero',TIMESTAMP'2022-10-21 00:00:00.0'),
	 (10,'Unholy',TIMESTAMP'2022-09-22 00:00:00.0');
INSERT INTO "C##INFO46".MUSICS (MUSIC_ID,MUSIC_NAME,MUSIC_RELEASE_DATE) VALUES
	 (11,'The Christmas Song (Merry Christmas To You)',TIMESTAMP'1946-10-11 00:00:00.0'),
	 (12,'Santa Tell Me',TIMESTAMP'2014-11-24 00:00:00.0'),
	 (13,'Sleigh Ride',TIMESTAMP'2020-10-13 00:00:00.0'),
	 (14,'Underneath The Tree',TIMESTAMP'2013-11-05 00:00:00.0'),
	 (15,'Christmas (Baby Please Come Home)',TIMESTAMP'1963-11-22 00:00:00.0'),
	 (16,'Deck The Halls',TIMESTAMP'1862-01-01 00:00:00.0'),
	 (17,'Let It Snow, Let It Snow, Let It Snow',TIMESTAMP'1993-09-23 00:00:00.0'),
	 (18,'White Christmas',TIMESTAMP'1942-07-01 00:00:00.0'),
	 (19,'Creepin''',TIMESTAMP'2022-12-05 00:00:00.0'),
	 (20,'Rich Flex',TIMESTAMP'2022-11-04 00:00:00.0');
INSERT INTO "C##INFO46".MUSICS (MUSIC_ID,MUSIC_NAME,MUSIC_RELEASE_DATE) VALUES
	 (23,'I''m Good (Blue)',TIMESTAMP'2022-08-26 00:00:00.0'),
	 (21,'It''s Beginning To Look A Lot Like Christmas',TIMESTAMP'1951-09-18 00:00:00.0'),
	 (22,'Jingle Bells',TIMESTAMP'1857-09-16 00:00:00.0'),
	 (24,'Here Comes Santa Claus (Right Down Santa Claus Lane)',TIMESTAMP'1947-10-06 00:00:00.0'),
	 (25,'Die For You',TIMESTAMP'2017-09-19 00:00:00.0'),
	 (26,'Blue Christmas',TIMESTAMP'1964-11-09 00:00:00.0'),
	 (27,'Rudolph The Red-Nosed Reindeer',TIMESTAMP'1964-12-06 00:00:00.0'),
	 (28,'Bad Habit',TIMESTAMP'2022-06-29 00:00:00.0'),
	 (29,'Little Saint Nick',TIMESTAMP'1963-12-09 00:00:00.0'),
	 (30,'You''re A Mean One, Mr. Grinch',TIMESTAMP'1966-01-01 00:00:00.0');
INSERT INTO "C##INFO46".MUSICS (MUSIC_ID,MUSIC_NAME,MUSIC_RELEASE_DATE) VALUES
	 (31,'Wonderful Christmastime',TIMESTAMP'1979-11-16 00:00:00.0'),
	 (32,'Santa Claus Is Comin'' To Town',TIMESTAMP'2011-01-01 00:00:00.0'),
	 (33,'Run Rudolph Run',TIMESTAMP'1958-12-01 00:00:00.0'),
	 (34,'As It Was',TIMESTAMP'2022-04-01 00:00:00.0'),
	 (35,'Shirt',TIMESTAMP'2022-10-28 00:00:00.0'),
	 (36,'Under The Influence',TIMESTAMP'2022-09-06 00:00:00.0'),
	 (37,'Happy Xmas (War Is Over)',TIMESTAMP'1971-10-31 00:00:00.0'),
	 (38,'Cuff It',TIMESTAMP'2022-01-01 00:00:00.0'),
	 (39,'Happy Holiday / The Holiday Season',TIMESTAMP'1942-06-01 00:00:00.0'),
	 (40,'Superhero (Heroes & Villains)',TIMESTAMP'2022-01-01 00:00:00.0');
INSERT INTO "C##INFO46".MUSICS (MUSIC_ID,MUSIC_NAME,MUSIC_RELEASE_DATE) VALUES
	 (41,'Merry Christmas',TIMESTAMP'1998-11-29 00:00:00.0'),
	 (42,'Nobody Gets Me',TIMESTAMP'2022-12-01 00:00:00.0'),
	 (43,'Please Come Home For Christmas',TIMESTAMP'1960-01-01 00:00:00.0'),
	 (44,'Santa Baby',TIMESTAMP'1953-01-01 00:00:00.0'),
	 (45,'You Proof',TIMESTAMP'2022-07-18 00:00:00.0'),
	 (46,'This Christmas',TIMESTAMP'1970-12-09 00:00:00.0'),
	 (47,'Blind',TIMESTAMP'1994-08-01 00:00:00.0'),
	 (48,'Linus And Lucy (Peanuts Theme)',TIMESTAMP'1964-12-01 00:00:00.0'),
	 (49,'Something In The Orange',TIMESTAMP'2022-04-22 00:00:00.0'),
	 (50,'Made You Look',TIMESTAMP'2022-10-21 00:00:00.0');
INSERT INTO "C##INFO46".MUSICS (MUSIC_ID,MUSIC_NAME,MUSIC_RELEASE_DATE) VALUES
	 (51,'Low',TIMESTAMP'2007-10-09 00:00:00.0'),
	 (52,'Super Freaky Girl',TIMESTAMP'2022-07-01 00:00:00.0'),
	 (53,'Golden Hour',TIMESTAMP'2022-09-01 00:00:00.0'),
	 (54,'Just Wanna Rock',TIMESTAMP'2022-01-01 00:00:00.0'),
	 (55,'Tomorrow 2',TIMESTAMP'2022-09-23 00:00:00.0'),
	 (56,'Lift Me Up',TIMESTAMP'2022-10-28 00:00:00.0'),
	 (57,'Love Language',TIMESTAMP'1984-10-30 00:00:00.0'),
	 (58,'Someday At Christmas',TIMESTAMP'1967-10-27 00:00:00.0'),
	 (59,'Thank God',TIMESTAMP'2022-01-01 00:00:00.0'),
	 (60,'Until I Found You',TIMESTAMP'2022-01-01 00:00:00.0');
INSERT INTO "C##INFO46".MUSICS (MUSIC_ID,MUSIC_NAME,MUSIC_RELEASE_DATE) VALUES
	 (61,'Snooze',TIMESTAMP'2022-12-09 00:00:00.0'),
	 (62,'Seek & Destroy',TIMESTAMP'1982-07-25 00:00:00.0'),
	 (63,'Rock And A Hard Place',TIMESTAMP'2022-10-01 00:00:00.0'),
	 (64,'What My World Spins Around',TIMESTAMP'2022-07-01 00:00:00.0'),
	 (65,'Victoria''s Secret',TIMESTAMP'2022-06-01 00:00:00.0'),
	 (66,'Lavender Haze',TIMESTAMP'2022-01-01 00:00:00.0'),
	 (67,'Son Of A Sinner',TIMESTAMP'2021-01-01 00:00:00.0'),
	 (68,'Wait In The Truck',TIMESTAMP'2022-01-01 00:00:00.0'),
	 (69,'Used',TIMESTAMP'2001-01-01 00:00:00.0'),
	 (70,'Special',TIMESTAMP'1998-09-05 00:00:00.0');
INSERT INTO "C##INFO46".MUSICS (MUSIC_ID,MUSIC_NAME,MUSIC_RELEASE_DATE) VALUES
	 (71,'Escapism',TIMESTAMP'2022-10-12 00:00:00.0'),
	 (72,'Going, Going, Gone',TIMESTAMP'1974-01-17 00:00:00.0'),
	 (73,'Heart Like A Truck',TIMESTAMP'2022-01-01 00:00:00.0'),
	 (74,'Ghost In The Machine',TIMESTAMP'1981-10-02 00:00:00.0'),
	 (75,'Star Walkin'' (League Of Legends Worlds Anthem)',TIMESTAMP'2022-09-22 00:00:00.0'),
	 (76,'Santa, Can''t You Hear Me',TIMESTAMP'2021-01-01 00:00:00.0'),
	 (77,'SOS',TIMESTAMP'1975-07-01 00:00:00.0'),
	 (78,'Whiskey On You',TIMESTAMP'2022-07-27 00:00:00.0'),
	 (79,'Gone Girl',TIMESTAMP'1978-09-01 00:00:00.0'),
	 (80,'Calm Down',TIMESTAMP'2022-02-11 00:00:00.0');
INSERT INTO "C##INFO46".MUSICS (MUSIC_ID,MUSIC_NAME,MUSIC_RELEASE_DATE) VALUES
	 (81,'Too Many Nights',TIMESTAMP'2022-01-01 00:00:00.0'),
	 (82,'Notice Me',TIMESTAMP'2018-01-26 00:00:00.0'),
	 (83,'Open Arms',TIMESTAMP'1982-01-08 00:00:00.0'),
	 (84,'Spin Bout U',TIMESTAMP'2022-10-04 00:00:00.0'),
	 (85,'Smoking On My Ex Pack',TIMESTAMP'2022-01-01 00:00:00.0'),
	 (86,'Niagara Falls (Foot Or 2)',TIMESTAMP'2022-01-01 00:00:00.0'),
	 (87,'Circo Loco',TIMESTAMP'2022-10-11 00:00:00.0'),
	 (88,'F2F',TIMESTAMP'2022-12-09 00:00:00.0'),
	 (89,'Face 2 Face',TIMESTAMP'2022-12-15 00:00:00.0'),
	 (90,'Kid On Christmas',TIMESTAMP'2022-01-01 00:00:00.0');
INSERT INTO "C##INFO46".MUSICS (MUSIC_ID,MUSIC_NAME,MUSIC_RELEASE_DATE) VALUES
	 (91,'Romantic Homicide',TIMESTAMP'2022-01-01 00:00:00.0'),
	 (92,'Conceited',TIMESTAMP'2006-01-01 00:00:00.0'),
	 (93,'Down Home',TIMESTAMP'2022-01-01 00:00:00.0'),
	 (94,'One Thing At A Time',TIMESTAMP'2022-01-01 00:00:00.0'),
	 (95,'Hold Me Closer',TIMESTAMP'2021-01-01 00:00:00.0'),
	 (96,'Far',TIMESTAMP'2021-05-07 00:00:00.0'),
	 (97,'All Mine',TIMESTAMP'2018-07-24 00:00:00.0');
COMMIT;

SELECT * FROM MUSICS
ORDER BY MUSIC_ID;

-- 19. MusicsAwarded
COMMIT;

SELECT * FROM MUSICSAWARDED;

-- 20. ProducersInGenres
COMMIT;
SELECT * FROM PRODUCERSINGENRES;
-- 21. ProducersWWArtists
COMMIT;

-- 22. MusicsInGenres
COMMIT;
SELECT * FROM MUSICSINGENRES;

-- 23. Recorded
COMMIT;
SELECT * FROM RECORDED;

-- 24. ConcertLocations
COMMIT;
SELECT * FROM CONCERTLOCATIONS;

-- 25. Concerts
COMMIT;
SELECT * FROM CONCERTS;

-- 26. Performances
COMMIT;
SELECT * FROM PERFORMANCES;

-- 27. Performing
COMMIT;
SELECT * FROM PERFORMING;