-- INSERT TABLES SQL
-- Kovács Bálit-Hunor
-- Informatika II. D

-- TOTAL TABLES: 27

-- 1. Publisher
INSERT INTO PUBLISHERS (PUBLISHER_ID,PUBLISHER_NAME , PUBLISHER_FORMATIONDATE) VALUES (DEFAULT, 'Sony Music Publishing', TO_DATE('1995-01-01 00:00:00','yyyy-mm-dd hh24:mi:ss'));
INSERT INTO PUBLISHERS (PUBLISHER_ID,PUBLISHER_NAME , PUBLISHER_FORMATIONDATE) VALUES (DEFAULT, 'Universal Music Publishing Group', TO_DATE('1934-09-01 00:00:00','yyyy-mm-dd hh24:mi:ss'));
INSERT INTO PUBLISHERS (PUBLISHER_ID,PUBLISHER_NAME , PUBLISHER_FORMATIONDATE) VALUES (DEFAULT, 'Warner Chappell Music', TO_DATE('1987-01-01 00:00:00','yyyy-mm-dd hh24:mi:ss'));
INSERT INTO PUBLISHERS (PUBLISHER_ID,PUBLISHER_NAME , PUBLISHER_FORMATIONDATE) VALUES (DEFAULT, 'Kobalt', TO_DATE('2000-01-01 00:00:00','yyyy-mm-dd hh24:mi:ss'));
INSERT INTO PUBLISHERS (PUBLISHER_ID,PUBLISHER_NAME , PUBLISHER_FORMATIONDATE) VALUES (DEFAULT, 'Strengholt Music Group', TO_DATE('1900-01-01 00:00:00','yyyy-mm-dd hh24:mi:ss'));
INSERT INTO PUBLISHERS (PUBLISHER_ID,PUBLISHER_NAME , PUBLISHER_FORMATIONDATE) VALUES (DEFAULT, 'Pen Music Group', TO_DATE('1994-01-01 00:00:00','yyyy-mm-dd hh24:mi:ss'));
INSERT INTO PUBLISHERS (PUBLISHER_ID,PUBLISHER_NAME , PUBLISHER_FORMATIONDATE) VALUES (DEFAULT, 'Bailer Music Publishing', TO_DATE('1963-01-01 00:00:00','yyyy-mm-dd hh24:mi:ss'));
INSERT INTO PUBLISHERS (PUBLISHER_ID,PUBLISHER_NAME , PUBLISHER_FORMATIONDATE) VALUES (DEFAULT, 'Wixen Music', TO_DATE('1978-01-01 00:00:00','yyyy-mm-dd hh24:mi:ss'));
INSERT INTO PUBLISHERS (PUBLISHER_ID,PUBLISHER_NAME , PUBLISHER_FORMATIONDATE) VALUES (DEFAULT, 'Ditto Music Publishing', TO_DATE('2005-01-01 00:00:00','yyyy-mm-dd hh24:mi:ss'));
INSERT INTO PUBLISHERS (PUBLISHER_ID,PUBLISHER_NAME , PUBLISHER_FORMATIONDATE) VALUES (DEFAULT, 'Music Gateway', TO_DATE('2011-01-01 00:00:00','yyyy-mm-dd hh24:mi:ss'));
INSERT INTO PUBLISHERS (PUBLISHER_ID,PUBLISHER_NAME , PUBLISHER_FORMATIONDATE) VALUES (DEFAULT, 'Atlantic Records', TO_DATE('1947-10-01 00:00:00','yyyy-mm-dd hh24:mi:ss'));
INSERT INTO PUBLISHERS (PUBLISHER_ID,PUBLISHER_NAME , PUBLISHER_FORMATIONDATE) VALUES (DEFAULT, 'Apple Records', TO_DATE('1947-01-01 00:00:00','yyyy-mm-dd hh24:mi:ss'));
INSERT INTO PUBLISHERS (PUBLISHER_ID,PUBLISHER_NAME , PUBLISHER_FORMATIONDATE) VALUES (DEFAULT, 'Columbia Records', TO_DATE('1887-01-01 00:00:00','yyyy-mm-dd hh24:mi:ss'));

COMMIT;

SELECT * FROM PUBLISHERS;

-- 2. Producers
INSERT INTO PRODUCERS (PRODUCER_ID, PRODUCER_NAME) VALUES (DEFAULT, 'George Martin'); 
INSERT INTO PRODUCERS (PRODUCER_ID, PRODUCER_NAME) VALUES (DEFAULT, 'Keigo Oyamada'); 
INSERT INTO PRODUCERS (PRODUCER_ID, PRODUCER_NAME) VALUES (DEFAULT, 'Dr. Dre'); 
INSERT INTO PRODUCERS (PRODUCER_ID, PRODUCER_NAME) VALUES (DEFAULT, 'Steve Albini'); 
INSERT INTO PRODUCERS (PRODUCER_ID, PRODUCER_NAME) VALUES (DEFAULT, 'Jimmy Page'); 
INSERT INTO PRODUCERS (PRODUCER_ID, PRODUCER_NAME) VALUES (DEFAULT, 'Quincy Jones'); 
INSERT INTO PRODUCERS (PRODUCER_ID, PRODUCER_NAME) VALUES (DEFAULT, 'Kanye West'); 
INSERT INTO PRODUCERS (PRODUCER_ID, PRODUCER_NAME) VALUES (DEFAULT, 'Aphex Twin'); 
INSERT INTO PRODUCERS (PRODUCER_ID, PRODUCER_NAME) VALUES (DEFAULT, 'Daft Punk'); 
INSERT INTO PRODUCERS (PRODUCER_ID, PRODUCER_NAME) VALUES (DEFAULT, 'Charlie Puth'); 
COMMIT;

SELECT * FROM PRODUCERS;

-- 3. ProducersPublishing
INSERT INTO PRODUCERSPUBLISHING(PRODPUB_ID,PRODUCER_ID,PUBLISHER_ID) VALUES (DEFAULT, 7, 2);
INSERT INTO PRODUCERSPUBLISHING(PRODPUB_ID,PRODUCER_ID,PUBLISHER_ID) VALUES (DEFAULT, 7, 1); 
INSERT INTO PRODUCERSPUBLISHING(PRODPUB_ID,PRODUCER_ID,PUBLISHER_ID) VALUES (DEFAULT, 10, 3); 
INSERT INTO PRODUCERSPUBLISHING(PRODPUB_ID,PRODUCER_ID,PUBLISHER_ID) VALUES (DEFAULT, 2, 3); 
INSERT INTO PRODUCERSPUBLISHING(PRODPUB_ID,PRODUCER_ID,PUBLISHER_ID) VALUES (DEFAULT, 6, 3); 
INSERT INTO PRODUCERSPUBLISHING(PRODPUB_ID,PRODUCER_ID,PUBLISHER_ID) VALUES (DEFAULT, 9, 3); 
INSERT INTO PRODUCERSPUBLISHING(PRODPUB_ID,PRODUCER_ID,PUBLISHER_ID) VALUES (DEFAULT, 5, 11); 
INSERT INTO PRODUCERSPUBLISHING(PRODPUB_ID,PRODUCER_ID,PUBLISHER_ID) VALUES (DEFAULT, 10, 11); 
INSERT INTO PRODUCERSPUBLISHING(PRODPUB_ID,PRODUCER_ID,PUBLISHER_ID) VALUES (DEFAULT, 9, 13); 
INSERT INTO PRODUCERSPUBLISHING(PRODPUB_ID,PRODUCER_ID,PUBLISHER_ID) VALUES (DEFAULT, 1, 12); 
COMMIT;

SELECT * FROM PRODUCERSPUBLISHING;

-- 4. Artists
INSERT INTO ARTISTS (ARTIST_ID, ARTIST_NAME) VALUES (DEFAULT, 'DJ Khaled');
INSERT INTO ARTISTS (ARTIST_ID, ARTIST_NAME) VALUES (DEFAULT, 'Alan Walker');
INSERT INTO ARTISTS (ARTIST_ID, ARTIST_NAME) VALUES (DEFAULT, 'Harry Styles');
INSERT INTO ARTISTS (ARTIST_ID, ARTIST_NAME) VALUES (DEFAULT, 'Shakira');
INSERT INTO ARTISTS (ARTIST_ID, ARTIST_NAME) VALUES (DEFAULT, 'The Chainsmokers');
INSERT INTO ARTISTS (ARTIST_ID, ARTIST_NAME) VALUES (DEFAULT, 'Taylor Swift');
INSERT INTO ARTISTS (ARTIST_ID, ARTIST_NAME) VALUES (DEFAULT, 'Sting');
INSERT INTO ARTISTS (ARTIST_ID, ARTIST_NAME) VALUES (DEFAULT, 'Billie Eilish');
INSERT INTO ARTISTS (ARTIST_ID, ARTIST_NAME) VALUES (DEFAULT, 'Drake');
INSERT INTO ARTISTS (ARTIST_ID, ARTIST_NAME) VALUES (DEFAULT, 'Ariana Grande');
INSERT INTO ARTISTS (ARTIST_ID, ARTIST_NAME) VALUES (DEFAULT, 'Muse');
INSERT INTO ARTISTS (ARTIST_ID, ARTIST_NAME) VALUES (DEFAULT, 'Rage Against the Machine');
INSERT INTO ARTISTS (ARTIST_ID, ARTIST_NAME) VALUES (DEFAULT, 'Evanescence');
INSERT INTO ARTISTS (ARTIST_ID, ARTIST_NAME) VALUES (DEFAULT, 'Scorpions');
INSERT INTO ARTISTS (ARTIST_ID, ARTIST_NAME) VALUES (DEFAULT, 'Three Days Grace');
INSERT INTO ARTISTS (ARTIST_ID, ARTIST_NAME) VALUES (DEFAULT, 'Slipknot');
INSERT INTO ARTISTS (ARTIST_ID, ARTIST_NAME) VALUES (DEFAULT, 'The Offspring');
INSERT INTO ARTISTS (ARTIST_ID, ARTIST_NAME) VALUES (DEFAULT, 'Korn');
INSERT INTO ARTISTS (ARTIST_ID, ARTIST_NAME) VALUES (DEFAULT, 'Limp Bizkit');
INSERT INTO ARTISTS (ARTIST_ID, ARTIST_NAME) VALUES (DEFAULT, 'Corey Taylor');
INSERT INTO ARTISTS (ARTIST_ID, ARTIST_NAME) VALUES (DEFAULT, 'Joey Jordison');
INSERT INTO ARTISTS (ARTIST_ID, ARTIST_NAME) VALUES (DEFAULT, 'Mick Thomson');
INSERT INTO ARTISTS (ARTIST_ID, ARTIST_NAME) VALUES (DEFAULT, 'Shawn Crahan');
INSERT INTO ARTISTS (ARTIST_ID, ARTIST_NAME) VALUES (DEFAULT, 'Sid Wilson');
INSERT INTO ARTISTS (ARTIST_ID, ARTIST_NAME) VALUES (DEFAULT, 'Paul Gray');
INSERT INTO ARTISTS (ARTIST_ID, ARTIST_NAME) VALUES (DEFAULT, 'James Root');
COMMIT;

SELECT * FROM ARTISTS;

-- 5. Bands
INSERT INTO BANDS(BAND_ID) VALUES (5);
INSERT INTO BANDS(BAND_ID) VALUES (11);
INSERT INTO BANDS(BAND_ID) VALUES (12);
INSERT INTO BANDS(BAND_ID) VALUES (13);
INSERT INTO BANDS(BAND_ID) VALUES (14);
INSERT INTO BANDS(BAND_ID) VALUES (15);
INSERT INTO BANDS(BAND_ID) VALUES (16);
INSERT INTO BANDS(BAND_ID) VALUES (17);
INSERT INTO BANDS(BAND_ID) VALUES (18);
INSERT INTO BANDS(BAND_ID) VALUES (19);
COMMIT;

SELECT * FROM BANDS;

-- 6. SoloArtists
INSERT INTO SOLOARTISTS(SOLOARTIST_ID,SOLOARTIST_NAME) VALUES(1,'Khaled Mohamed Khaled');
INSERT INTO SOLOARTISTS(SOLOARTIST_ID,SOLOARTIST_NAME) VALUES(2,'Alan Olav Walker');
INSERT INTO SOLOARTISTS(SOLOARTIST_ID,SOLOARTIST_NAME) VALUES(3,'Harry Edward Styles');
INSERT INTO SOLOARTISTS(SOLOARTIST_ID,SOLOARTIST_NAME) VALUES(4,'Shakira Isabel Mebarak Ripoll');
INSERT INTO SOLOARTISTS(SOLOARTIST_ID,SOLOARTIST_NAME) VALUES(6,'Taylor Alison Swift');
INSERT INTO SOLOARTISTS(SOLOARTIST_ID,SOLOARTIST_NAME) VALUES(7,'Gordon Matthew Thomas Sumner');
INSERT INTO SOLOARTISTS(SOLOARTIST_ID,SOLOARTIST_NAME) VALUES(8,'Billie Eilish Pirate Baird O''Connell');
INSERT INTO SOLOARTISTS(SOLOARTIST_ID,SOLOARTIST_NAME) VALUES(9,'Aubrey Drake Graham');
INSERT INTO SOLOARTISTS(SOLOARTIST_ID,SOLOARTIST_NAME) VALUES(10,'Ariana Grande-Butera');
INSERT INTO SOLOARTISTS(SOLOARTIST_ID,SOLOARTIST_NAME) VALUES(21,'Corey Todd Taylor');
INSERT INTO SOLOARTISTS(SOLOARTIST_ID,SOLOARTIST_NAME) VALUES(20,'Nathan Jonas Jordison');
INSERT INTO SOLOARTISTS(SOLOARTIST_ID,SOLOARTIST_NAME) VALUES(22,'Mickael Gordon Thomson');
INSERT INTO SOLOARTISTS(SOLOARTIST_ID,SOLOARTIST_NAME) VALUES(23,'Michael Shawn Crahan');
INSERT INTO SOLOARTISTS(SOLOARTIST_ID,SOLOARTIST_NAME) VALUES(24,'Sidney George Wilson');
INSERT INTO SOLOARTISTS(SOLOARTIST_ID,SOLOARTIST_NAME) VALUES(25,'Paul Dedrick Gray');
INSERT INTO SOLOARTISTS(SOLOARTIST_ID,SOLOARTIST_NAME) VALUES(26,'James Donald Root');

COMMIT;
SELECT * FROM SOLOARTISTS;

-- 7. ArtistsInBand
INSERT INTO ARTISTSINBAND(ARTINBAND_ID,ARTIST_ID,BAND_ID) VALUES (DEFAULT, 20, 16);
INSERT INTO ARTISTSINBAND(ARTINBAND_ID,ARTIST_ID,BAND_ID) VALUES (DEFAULT, 21, 16);
INSERT INTO ARTISTSINBAND(ARTINBAND_ID,ARTIST_ID,BAND_ID) VALUES (DEFAULT, 22, 16);
INSERT INTO ARTISTSINBAND(ARTINBAND_ID,ARTIST_ID,BAND_ID) VALUES (DEFAULT, 23, 16);
INSERT INTO ARTISTSINBAND(ARTINBAND_ID,ARTIST_ID,BAND_ID) VALUES (DEFAULT, 24, 16);
INSERT INTO ARTISTSINBAND(ARTINBAND_ID,ARTIST_ID,BAND_ID) VALUES (DEFAULT, 25, 16);
INSERT INTO ARTISTSINBAND(ARTINBAND_ID,ARTIST_ID,BAND_ID) VALUES (DEFAULT, 26, 16);
COMMIT;

SELECT * FROM ARTISTSINBAND;


-- 8. Instruments
INSERT INTO INSTRUMENTS(INSTRUMENT_ID,INSTRUMENT_NAME) VALUES (DEFAULT,'Drum');
INSERT INTO INSTRUMENTS(INSTRUMENT_ID,INSTRUMENT_NAME) VALUES (DEFAULT,'Acoustic Guitar');
INSERT INTO INSTRUMENTS(INSTRUMENT_ID,INSTRUMENT_NAME) VALUES (DEFAULT,'Electric Guitar');
INSERT INTO INSTRUMENTS(INSTRUMENT_ID,INSTRUMENT_NAME) VALUES (DEFAULT,'Bass Guitar');
INSERT INTO INSTRUMENTS(INSTRUMENT_ID,INSTRUMENT_NAME) VALUES (DEFAULT,'Violin');
INSERT INTO INSTRUMENTS(INSTRUMENT_ID,INSTRUMENT_NAME) VALUES (DEFAULT,'Viola');
INSERT INTO INSTRUMENTS(INSTRUMENT_ID,INSTRUMENT_NAME) VALUES (DEFAULT,'Piano');
INSERT INTO INSTRUMENTS(INSTRUMENT_ID,INSTRUMENT_NAME) VALUES (DEFAULT,'Pianino');
INSERT INTO INSTRUMENTS(INSTRUMENT_ID,INSTRUMENT_NAME) VALUES (DEFAULT,'Vocal');
INSERT INTO INSTRUMENTS(INSTRUMENT_ID,INSTRUMENT_NAME) VALUES (DEFAULT,'Harp');
INSERT INTO INSTRUMENTS(INSTRUMENT_ID,INSTRUMENT_NAME) VALUES (DEFAULT,'Percussion Instruments');
INSERT INTO INSTRUMENTS(INSTRUMENT_ID,INSTRUMENT_NAME) VALUES (DEFAULT,'Synthesizer');
COMMIT;

SELECT * FROM INSTRUMENTS;

-- 9. Plays
INSERT INTO PLAYS(PLAY_ID,ARTIST_ID,INSTRUMENT_ID) VALUES (DEFAULT, 1, 2);
INSERT INTO PLAYS(PLAY_ID,ARTIST_ID,INSTRUMENT_ID) VALUES (DEFAULT, 1, 9);
INSERT INTO PLAYS(PLAY_ID,ARTIST_ID,INSTRUMENT_ID) VALUES (DEFAULT, 2, 12);
INSERT INTO PLAYS(PLAY_ID,ARTIST_ID,INSTRUMENT_ID) VALUES (DEFAULT, 3, 1);
INSERT INTO PLAYS(PLAY_ID,ARTIST_ID,INSTRUMENT_ID) VALUES (DEFAULT, 3, 2);
INSERT INTO PLAYS(PLAY_ID,ARTIST_ID,INSTRUMENT_ID) VALUES (DEFAULT, 3, 3);
INSERT INTO PLAYS(PLAY_ID,ARTIST_ID,INSTRUMENT_ID) VALUES (DEFAULT, 3, 4);
INSERT INTO PLAYS(PLAY_ID,ARTIST_ID,INSTRUMENT_ID) VALUES (DEFAULT, 3, 9);
INSERT INTO PLAYS(PLAY_ID,ARTIST_ID,INSTRUMENT_ID) VALUES (DEFAULT, 4, 1);
INSERT INTO PLAYS(PLAY_ID,ARTIST_ID,INSTRUMENT_ID) VALUES (DEFAULT, 4, 2);
INSERT INTO PLAYS(PLAY_ID,ARTIST_ID,INSTRUMENT_ID) VALUES (DEFAULT, 4, 9);
COMMIT;

SELECT * FROM plays;

-- 10. Awards
COMMIT;

SELECT * FROM AWARDS;
-- 11. ArtistsAwarded
COMMIT;

-- 12. StudioLocations
COMMIT;

-- 13. Studios
COMMIT;

-- 14. RehearsalRoomLocations
COMMIT;

-- 15. RehearsalRooms
COMMIT;

-- 16. Practicing
COMMIT;

-- 17. Genres
COMMIT;

-- 18. Musics
COMMIT;

-- 19. MusicsAwarded
COMMIT;

-- 20. ProducersInGenres
COMMIT;

-- 21. ProducersWWArtists
COMMIT;

-- 22. MusicsInGenres
COMMIT;

-- 23. Recorded
COMMIT;

-- 24. ConcertLocations
COMMIT;

-- 25. Concerts
COMMIT;

-- 26. Performances
COMMIT;

-- 27. Performing
COMMIT;